{
  "version": 1,
  "viewport": {
    "x": 0,
    "y": 0,
    "zoom": 0.8
  },
  "nodes": [
    {
      "id": "node-1771033027386-1",
      "position": {
        "x": 374.8296896844436,
        "y": 272.28630280142795
      },
      "type": "note",
      "text": "",
      "width": 200,
      "height": 150
    }
  ],
  "edges": []
}